Id,Status
500Hu00002Fus34IAB,New
500Hu00002Fus35IAB,New
500Hu00002Fus36IAB,New
500Hu00002Fus37IAB,New
500Hu00002Fus38IAB,New
500Hu00002Fus39IAB,New
500Hu00002Fus3AIAR,New
500Hu00002Fus3BIAR,New
500Hu00002Fus3CIAR,New
500Hu00002Fus3DIAR,New
500Hu00002Fus3EIAR,New
500Hu00002Fus3FIAR,New
500Hu00002Fus3GIAR,New
500Hu00002Fus3HIAR,New
500Hu00002Fus3IIAR,New
500Hu00002Fus3JIAR,New
500Hu00002Fus3KIAR,New
500Hu00002Fus3LIAR,New
500Hu00002Fus3MIAR,New
500Hu00002Fus3NIAR,New
500Hu00002Fus3OIAR,New
500Hu00002Fus3PIAR,New
500Hu00002Fus3QIAR,New
500Hu00002Fus3RIAR,New
500Hu00002Fus3SIAR,New
500Hu00002Fus3TIAR,New
500Hu00002Fus3UIAR,New
500Hu00002Fus3VIAR,New
500Hu00002Fus3WIAR,New
500Hu00002Fus3XIAR,New
500Hu00002Fus3YIAR,New
500Hu00002Fus3ZIAR,New
500Hu00002Fus3aIAB,New
500Hu00002Fus3bIAB,New
500Hu00002Fus3cIAB,New
500Hu00002Fus3dIAB,New
500Hu00002Fus3eIAB,New
500Hu00002Fus3fIAB,New
500Hu00002Fus3gIAB,New
500Hu00002Fus3hIAB,New
500Hu00002Fus3iIAB,New
500Hu00002Fus3jIAB,New
500Hu00002Fus3kIAB,New
500Hu00002Fus3lIAB,New
500Hu00002Fus3mIAB,New
500Hu00002Fus3nIAB,New
500Hu00002Fus3oIAB,New
500Hu00002Fus3pIAB,New
500Hu00002Fus3qIAB,New
500Hu00002Fus3rIAB,New
500Hu00002Fus3sIAB,New
500Hu00002Fus3tIAB,New
500Hu00002Fus3uIAB,New
500Hu00002Fus3vIAB,New
500Hu00002Fus3wIAB,New
500Hu00002Fus3xIAB,New
500Hu00002Fus3yIAB,New
500Hu00002Fus3zIAB,New
500Hu00002Fus40IAB,New
500Hu00002Fus41IAB,New
500Hu00002Fus42IAB,New
500Hu00002Fus43IAB,New
500Hu00002Fus44IAB,New
500Hu00002Fus45IAB,New
500Hu00002Fus46IAB,New
500Hu00002Fus47IAB,New
500Hu00002Fus48IAB,New
500Hu00002Fus49IAB,New
500Hu00002Fus4AIAR,New
500Hu00002Fus4BIAR,New
500Hu00002Fus4CIAR,New
500Hu00002Fus4DIAR,New
500Hu00002Fus4EIAR,New
500Hu00002Fus4FIAR,New
500Hu00002Fus4GIAR,New
500Hu00002Fus4HIAR,New
500Hu00002Fus4IIAR,New
500Hu00002Fus4JIAR,New
500Hu00002Fus4KIAR,New
500Hu00002Fus4LIAR,New
500Hu00002Fus4MIAR,New
500Hu00002Fus4NIAR,New
500Hu00002Fus4OIAR,New
500Hu00002Fus4PIAR,New
500Hu00002Fus4QIAR,New
500Hu00002Fus4RIAR,New
500Hu00002Fus4SIAR,New
500Hu00002Fus4TIAR,New
500Hu00002Fus4UIAR,New
500Hu00002Fus4VIAR,New
500Hu00002Fus4WIAR,New
500Hu00002Fus4XIAR,New
500Hu00002Fus4YIAR,New
500Hu00002Fus4ZIAR,New
500Hu00002Fus4aIAB,New
500Hu00002Fus4bIAB,New
500Hu00002Fus4cIAB,New
500Hu00002Fus4dIAB,New
500Hu00002Fus4eIAB,New
500Hu00002Fus4fIAB,New
5002E00001N4brfQAB,Closed
5002E00001N4brgQAB,Closed
5002E00001N4brhQAB,New
5002E00001N4briQAB,Closed
5002E00001N4brjQAB,Closed
5002E00001N4brkQAB,Closed
5002E00001N4brlQAB,Closed
5002E00001N4brmQAB,Closed
5002E00001N4brnQAB,Closed
5002E00001N4broQAB,Closed
5002E00001N4brpQAB,Closed
5002E00001N4brqQAB,Closed
5002E00001N4brrQAB,Closed
5002E00001N4brsQAB,Closed
5002E00001N4brtQAB,Closed
5002E00001N4bruQAB,Closed
5002E00001N4brvQAB,New
5002E00001N4brwQAB,Closed
5002E00001N4brxQAB,Closed
5002E00001N4bryQAB,Closed
5002E00001N4brzQAB,Closed
5002E00001N4bs0QAB,Closed
5002E00001N4bs1QAB,Closed
5002E00001N4bs2QAB,Closed
5002E00001N4bs3QAB,New
5002E00001N4bs4QAB,Closed
